auto_clutch,drs_status,elapsed_time,headlights,ignition_starter,lap_number,speed_limiter
False,0,312.6225,False,1,2,0
False,0,312.7225,False,1,2,0
False,0,312.84250000000003,False,1,2,0
False,0,312.9225,False,1,2,0
False,0,313.0425,False,1,2,0
False,0,313.1225,False,1,2,0
False,0,313.2225,False,1,2,0
False,0,313.3225,False,1,2,0
False,0,313.4225,False,1,2,0
False,0,313.5225,False,1,2,0
False,0,313.6225,False,1,2,0
False,0,313.7425,False,1,2,0
False,0,313.8225,False,1,2,0
False,0,313.9425,False,1,2,0
False,0,314.0425,False,1,2,0
False,0,314.1225,False,1,2,0
False,0,314.2425,False,1,2,0
False,0,314.34250000000003,False,1,2,0
False,0,314.4225,False,1,2,0
False,0,314.5425,False,1,2,0
False,0,314.6225,False,1,2,0
False,0,314.7425,False,1,2,0
False,0,314.84250000000003,False,1,2,0
False,0,314.9425,False,1,2,0
False,0,315.0425,False,1,2,0
False,0,315.1425,False,1,2,0
False,0,315.2425,False,1,2,0
False,0,315.34250000000003,False,1,2,0
False,0,315.4425,False,1,2,0
False,0,315.5425,False,1,2,0
False,0,315.6425,False,1,2,0
False,0,315.7625,False,1,2,0
False,0,315.84250000000003,False,1,2,0
False,0,315.9425,False,1,2,0
False,0,316.0625,False,1,2,0
False,0,316.1425,False,1,2,0
False,0,316.2625,False,1,2,0
False,0,316.34250000000003,False,1,2,0
False,0,316.4625,False,1,2,0
False,0,316.5625,False,1,2,0
False,0,316.6625,False,1,2,0
False,0,316.7625,False,1,2,0
False,0,316.8625,False,1,2,0
False,0,316.9625,False,1,2,0
False,0,317.0625,False,1,2,0
False,0,317.1625,False,1,2,0
False,0,317.2625,False,1,2,0
False,0,317.3625,False,1,2,0
False,0,317.4625,False,1,2,0
False,0,317.5625,False,1,2,0
False,0,317.6625,False,1,2,0
False,0,317.7625,False,1,2,0
False,0,317.8625,False,1,2,0
False,0,317.9625,False,1,2,0
False,0,318.0625,False,1,2,0
False,0,318.1625,False,1,2,0
False,0,318.2625,False,1,2,0
False,0,318.3625,False,1,2,0
False,0,318.4625,False,1,2,0
False,0,318.5625,False,1,2,0
False,0,318.6625,False,1,2,0
False,0,318.7625,False,1,2,0
False,0,318.8825,False,1,2,0
False,0,318.9825,False,1,2,0
False,0,319.0825,False,1,2,0
False,0,319.1825,False,1,2,0
False,0,319.2825,False,1,2,0
False,0,319.3625,False,1,2,0
False,0,319.4825,False,1,2,0
False,0,319.5825,False,1,2,0
False,0,319.6825,False,1,2,0
False,0,319.7825,False,1,2,0
False,0,319.8825,False,1,2,0
False,0,319.9825,False,1,2,0
False,0,320.0825,False,1,2,0
False,0,320.1825,False,1,2,0
False,0,320.2825,False,1,2,0
False,0,320.3825,False,1,2,0
False,0,320.4825,False,1,2,0
False,0,320.5825,False,1,2,0
False,0,320.6825,False,1,2,0
False,0,320.7825,False,1,2,0
False,0,320.90250000000003,False,1,2,0
False,0,320.9825,False,1,2,0
False,0,321.1025,False,1,2,0
False,0,321.1825,False,1,2,0
False,0,321.2825,False,1,2,0
False,0,321.40250000000003,False,1,2,0
False,0,321.4825,False,1,2,0
False,0,321.6025,False,1,2,0
False,0,321.6825,False,1,2,0
False,0,321.8025,False,1,2,0
False,0,321.8825,False,1,2,0
False,0,322.0025,False,1,2,0
False,0,322.0825,False,1,2,0
False,0,322.2025,False,1,2,0
False,0,322.3025,False,1,2,0
False,0,322.40250000000003,False,1,2,0
False,0,322.5025,False,1,2,0
False,0,322.6025,False,1,2,0
False,0,322.7025,False,1,2,0
False,0,322.8025,False,1,2,0
False,0,322.90250000000003,False,1,2,0
False,0,323.0025,False,1,2,0
False,0,323.1025,False,1,2,0
False,0,323.2025,False,1,2,0
False,0,323.3025,False,1,2,0
False,0,323.40250000000003,False,1,2,0
False,0,323.5025,False,1,2,0
False,0,323.6225,False,1,2,0
False,0,323.7025,False,1,2,0
False,0,323.8225,False,1,2,0
False,0,323.9225,False,1,2,0
False,0,324.0025,False,1,2,0
False,0,324.1225,False,1,2,0
False,0,324.2025,False,1,2,0
False,0,324.3225,False,1,2,0
False,0,324.40250000000003,False,1,2,0
False,0,324.5225,False,1,2,0
False,0,324.6225,False,1,2,0
False,0,324.7225,False,1,2,0
False,0,324.8225,False,1,2,0
False,0,324.9225,False,1,2,0
False,0,325.0225,False,1,2,0
False,0,325.1225,False,1,2,0
False,0,325.2225,False,1,2,0
False,0,325.3225,False,1,2,0
False,0,325.4225,False,1,2,0
False,0,325.5225,False,1,2,0
False,0,325.6225,False,1,2,0
False,0,325.7225,False,1,2,0
False,0,325.8225,False,1,2,0
False,0,325.9225,False,1,2,0
False,0,326.0225,False,1,2,0
False,0,326.1225,False,1,2,0
False,0,326.2225,False,1,2,0
False,0,326.3225,False,1,2,0
False,0,326.4425,False,1,2,0
False,0,326.5425,False,1,2,0
False,0,326.6425,False,1,2,0
False,0,326.7425,False,1,2,0
False,0,326.84250000000003,False,1,2,0
False,0,326.9425,False,1,2,0
False,0,327.0425,False,1,2,0
False,0,327.1425,False,1,2,0
False,0,327.2425,False,1,2,0
False,0,327.34250000000003,False,1,2,0
False,0,327.4425,False,1,2,0
False,0,327.5425,False,1,2,0
False,0,327.6425,False,1,2,0
False,0,327.7425,False,1,2,0
False,0,327.84250000000003,False,1,2,0
False,0,327.9425,False,1,2,0
False,0,328.0625,False,1,2,0
False,0,328.1425,False,1,2,0
False,0,328.2625,False,1,2,0
False,0,328.3625,False,1,2,0
False,0,328.4625,False,1,2,0
False,0,328.5625,False,1,2,0
False,0,328.6425,False,1,2,0
False,0,328.7625,False,1,2,0
False,0,328.8625,False,1,2,0
False,0,328.9625,False,1,2,0
False,0,329.0625,False,1,2,0
False,0,329.1625,False,1,2,0
False,0,329.2625,False,1,2,0
False,0,329.3625,False,1,2,0
False,0,329.4625,False,1,2,0
False,0,329.5625,False,1,2,0
False,0,329.6625,False,1,2,0
False,0,329.7625,False,1,2,0
False,0,329.8625,False,1,2,0
False,0,329.9625,False,1,2,0
False,0,330.0625,False,1,2,0
False,0,330.1625,False,1,2,0
False,0,330.2625,False,1,2,0
False,0,330.3625,False,1,2,0
False,0,330.4825,False,1,2,0
False,0,330.5625,False,1,2,0
False,0,330.6625,False,1,2,0
False,0,330.7825,False,1,2,0
False,0,330.8625,False,1,2,0
False,0,330.9825,False,1,2,0
False,0,331.0825,False,1,2,0
False,0,331.1625,False,1,2,0
False,0,331.2825,False,1,2,0
False,0,331.3825,False,1,2,0
False,0,331.4625,False,1,2,0
False,0,331.5825,False,1,2,0
False,0,331.6825,False,1,2,0
False,0,331.7625,False,1,2,0
False,0,331.8825,False,1,2,0
False,0,331.9825,False,1,2,0
False,0,332.0825,False,1,2,0
False,0,332.1825,False,1,2,0
False,0,332.2825,False,1,2,0
False,0,332.34250000000003,False,1,2,0
False,0,332.34250000000003,False,1,2,0
False,0,332.34250000000003,False,1,2,0
False,0,332.34250000000003,False,1,2,0
False,0,332.34250000000003,False,1,2,0
False,0,332.34250000000003,False,1,2,0
False,0,332.34250000000003,False,1,2,0
False,0,332.34250000000003,False,1,2,0
False,0,332.34250000000003,False,1,2,0
False,0,332.34250000000003,False,1,2,0
False,0,332.34250000000003,False,1,2,0
False,0,332.34250000000003,False,1,2,0
False,0,332.34250000000003,False,1,2,0
False,0,332.34250000000003,False,1,2,0
False,0,332.34250000000003,False,1,2,0
False,0,332.34250000000003,False,1,2,0
False,0,332.34250000000003,False,1,2,0
False,0,272.2025,False,1,2,0
False,0,272.3025,False,1,2,0
False,0,272.4025,False,1,2,0
False,0,272.5025,False,1,2,0
False,0,272.6025,False,1,2,0
False,0,272.7025,False,1,2,0
False,0,272.8025,False,1,2,0
False,0,272.9025,False,1,2,0
False,0,273.0025,False,1,2,0
False,0,273.1025,False,1,2,0
False,0,273.2225,False,1,2,0
False,0,273.3025,False,1,2,0
False,0,273.4225,False,1,2,0
False,0,273.5025,False,1,2,0
False,0,273.6025,False,1,2,0
False,0,273.7025,False,1,2,0
False,0,273.8025,False,1,2,0
False,0,273.9225,False,1,2,0
False,0,274.0025,False,1,2,0
False,0,274.1225,False,1,2,0
False,0,274.2025,False,1,2,0
False,0,274.3225,False,1,2,0
False,0,274.4225,False,1,2,0
False,0,274.5225,False,1,2,0
False,0,274.6225,False,1,2,0
False,0,274.7225,False,1,2,0
False,0,274.8225,False,1,2,0
False,0,274.9225,False,1,2,0
False,0,275.0225,False,1,2,0
False,0,275.1225,False,1,2,0
False,0,275.2225,False,1,2,0
False,0,275.3225,False,1,2,0
False,0,275.4225,False,1,2,0
False,0,275.5225,False,1,2,0
False,0,275.6225,False,1,2,0
False,0,275.7225,False,1,2,0
False,0,275.8225,False,1,2,0
False,0,275.9225,False,1,2,0
False,0,276.0425,False,1,2,0
False,0,276.1225,False,1,2,0
False,0,276.2225,False,1,2,0
False,0,276.3225,False,1,2,0
False,0,276.4225,False,1,2,0
False,0,276.5425,False,1,2,0
False,0,276.6225,False,1,2,0
False,0,276.7425,False,1,2,0
False,0,276.8225,False,1,2,0
False,0,276.9425,False,1,2,0
False,0,277.0225,False,1,2,0
False,0,277.1425,False,1,2,0
False,0,277.2425,False,1,2,0
False,0,277.34250000000003,False,1,2,0
False,0,277.4425,False,1,2,0
False,0,277.5425,False,1,2,0
False,0,277.6425,False,1,2,0
False,0,277.7425,False,1,2,0
False,0,277.84250000000003,False,1,2,0
False,0,277.9425,False,1,2,0
False,0,278.0425,False,1,2,0
False,0,278.1425,False,1,2,0
False,0,278.2425,False,1,2,0
False,0,278.34250000000003,False,1,2,0
False,0,278.4425,False,1,2,0
False,0,278.5425,False,1,2,0
False,0,278.6425,False,1,2,0
False,0,278.7625,False,1,2,0
False,0,278.84250000000003,False,1,2,0
False,0,278.9625,False,1,2,0
False,0,279.0425,False,1,2,0
False,0,279.1625,False,1,2,0
False,0,279.2425,False,1,2,0
False,0,279.34250000000003,False,1,2,0
False,0,279.4425,False,1,2,0
False,0,279.5425,False,1,2,0
False,0,279.6625,False,1,2,0
False,0,279.7425,False,1,2,0
False,0,279.8625,False,1,2,0
False,0,279.9425,False,1,2,0
False,0,280.0625,False,1,2,0
False,0,280.1625,False,1,2,0
False,0,280.2425,False,1,2,0
False,0,280.3625,False,1,2,0
False,0,280.4625,False,1,2,0
False,0,280.5625,False,1,2,0
False,0,280.6625,False,1,2,0
False,0,280.7625,False,1,2,0
False,0,280.8625,False,1,2,0
False,0,280.9625,False,1,2,0
False,0,281.0625,False,1,2,0
False,0,281.1625,False,1,2,0
False,0,281.2625,False,1,2,0
False,0,281.3825,False,1,2,0
False,0,281.4625,False,1,2,0
False,0,281.5825,False,1,2,0
False,0,281.6625,False,1,2,0
False,0,281.7625,False,1,2,0
False,0,281.8625,False,1,2,0
False,0,281.9825,False,1,2,0
False,0,282.0625,False,1,2,0
False,0,282.1825,False,1,2,0
False,0,282.2825,False,1,2,0
False,0,282.3625,False,1,2,0
False,0,282.4825,False,1,2,0
False,0,282.5625,False,1,2,0
False,0,282.6825,False,1,2,0
False,0,282.7825,False,1,2,0
False,0,282.8625,False,1,2,0
False,0,282.9825,False,1,2,0
False,0,283.0825,False,1,2,0
False,0,283.1825,False,1,2,0
False,0,283.2825,False,1,2,0
False,0,283.3825,False,1,2,0
False,0,283.4825,False,1,2,0
False,0,283.5825,False,1,2,0
False,0,283.6825,False,1,2,0
False,0,283.7825,False,1,2,0
False,0,283.8825,False,1,2,0
False,0,283.9825,False,1,2,0
False,0,284.1025,False,1,2,0
False,0,284.1825,False,1,2,0
False,0,284.2825,False,1,2,0
False,0,284.40250000000003,False,1,2,0
False,0,284.4825,False,1,2,0
False,0,284.6025,False,1,2,0
False,0,284.6825,False,1,2,0
False,0,284.8025,False,1,2,0
False,0,284.8825,False,1,2,0
False,0,285.0025,False,1,2,0
False,0,285.1025,False,1,2,0
False,0,285.2025,False,1,2,0
False,0,285.3025,False,1,2,0
False,0,285.40250000000003,False,1,2,0
False,0,285.5025,False,1,2,0
False,0,285.6025,False,1,2,0
False,0,285.7025,False,1,2,0
False,0,285.8025,False,1,2,0
False,0,285.90250000000003,False,1,2,0
False,0,286.0025,False,1,2,0
False,0,286.1025,False,1,2,0
False,0,286.2025,False,1,2,0
False,0,286.3025,False,1,2,0
False,0,286.40250000000003,False,1,2,0
False,0,286.5025,False,1,2,0
False,0,286.6225,False,1,2,0
False,0,286.7025,False,1,2,0
False,0,286.8225,False,1,2,0
False,0,286.90250000000003,False,1,2,0
False,0,287.0225,False,1,2,0
False,0,287.1225,False,1,2,0
False,0,287.2025,False,1,2,0
False,0,287.3225,False,1,2,0
False,0,287.40250000000003,False,1,2,0
False,0,287.5225,False,1,2,0
False,0,287.6225,False,1,2,0
False,0,287.7225,False,1,2,0
False,0,287.8225,False,1,2,0
False,0,287.9225,False,1,2,0
False,0,288.0225,False,1,2,0
False,0,288.1225,False,1,2,0
False,0,288.2225,False,1,2,0
False,0,288.3225,False,1,2,0
False,0,288.4225,False,1,2,0
False,0,288.5225,False,1,2,0
False,0,288.6225,False,1,2,0
False,0,288.7225,False,1,2,0
False,0,288.8225,False,1,2,0
False,0,288.9425,False,1,2,0
False,0,289.0225,False,1,2,0
False,0,289.1225,False,1,2,0
False,0,289.2225,False,1,2,0
False,0,289.3225,False,1,2,0
False,0,289.4225,False,1,2,0
False,0,289.5225,False,1,2,0
False,0,289.6225,False,1,2,0
False,0,289.7225,False,1,2,0
False,0,289.84250000000003,False,1,2,0
False,0,289.9225,False,1,2,0
False,0,290.0425,False,1,2,0
False,0,290.1425,False,1,2,0
False,0,290.2425,False,1,2,0
False,0,290.34250000000003,False,1,2,0
False,0,290.4425,False,1,2,0
False,0,290.5425,False,1,2,0
False,0,290.6425,False,1,2,0
False,0,290.7425,False,1,2,0
False,0,290.84250000000003,False,1,2,0
False,0,290.9425,False,1,2,0
False,0,291.0425,False,1,2,0
False,0,291.1425,False,1,2,0
False,0,291.2425,False,1,2,0
False,0,291.34250000000003,False,1,2,0
False,0,291.4425,False,1,2,0
False,0,291.5425,False,1,2,0
False,0,291.6625,False,1,2,0
False,0,291.7425,False,1,2,0
False,0,291.8625,False,1,2,0
False,0,291.9425,False,1,2,0
False,0,292.0625,False,1,2,0
False,0,292.1425,False,1,2,0
False,0,292.2625,False,1,2,0
False,0,292.3625,False,1,2,0
False,0,292.4625,False,1,2,0
False,0,292.5625,False,1,2,0
False,0,292.6425,False,1,2,0
False,0,292.7625,False,1,2,0
False,0,292.84250000000003,False,1,2,0
False,0,292.9625,False,1,2,0
False,0,293.0625,False,1,2,0
False,0,293.1625,False,1,2,0
False,0,293.2625,False,1,2,0
False,0,293.3625,False,1,2,0
False,0,293.4625,False,1,2,0
False,0,293.5625,False,1,2,0
False,0,293.6625,False,1,2,0
False,0,293.7625,False,1,2,0
False,0,293.8625,False,1,2,0
False,0,293.9625,False,1,2,0
False,0,294.0625,False,1,2,0
False,0,294.1625,False,1,2,0
False,0,294.2825,False,1,2,0
False,0,294.3625,False,1,2,0
False,0,294.4625,False,1,2,0
False,0,294.5625,False,1,2,0
False,0,294.6825,False,1,2,0
False,0,294.7825,False,1,2,0
False,0,294.8625,False,1,2,0
False,0,294.9825,False,1,2,0
False,0,295.0625,False,1,2,0
False,0,295.1825,False,1,2,0
False,0,295.2625,False,1,2,0
False,0,295.3825,False,1,2,0
False,0,295.4825,False,1,2,0
False,0,295.5825,False,1,2,0
False,0,295.6825,False,1,2,0
False,0,295.7825,False,1,2,0
False,0,295.8825,False,1,2,0
False,0,295.9825,False,1,2,0
False,0,296.0825,False,1,2,0
False,0,296.1825,False,1,2,0
False,0,296.2825,False,1,2,0
False,0,296.3825,False,1,2,0
False,0,296.4825,False,1,2,0
False,0,296.5825,False,1,2,0
False,0,296.6825,False,1,2,0
False,0,296.7825,False,1,2,0
False,0,296.8825,False,1,2,0
False,0,296.9825,False,1,2,0
False,0,297.0825,False,1,2,0
False,0,297.1825,False,1,2,0
False,0,297.2825,False,1,2,0
False,0,297.3825,False,1,2,0
False,0,297.5025,False,1,2,0
False,0,297.5825,False,1,2,0
False,0,297.7025,False,1,2,0
False,0,297.8025,False,1,2,0
False,0,297.9225,False,1,2,0
False,0,298.0025,False,1,2,0
False,0,298.1025,False,1,2,0
False,0,298.2225,False,1,2,0
False,0,298.3025,False,1,2,0
False,0,298.4225,False,1,2,0
False,0,298.5025,False,1,2,0
False,0,298.6225,False,1,2,0
False,0,298.7025,False,1,2,0
False,0,298.8225,False,1,2,0
False,0,298.9225,False,1,2,0
False,0,299.0225,False,1,2,0
False,0,299.1225,False,1,2,0
False,0,299.2025,False,1,2,0
False,0,299.3225,False,1,2,0
False,0,299.4225,False,1,2,0
False,0,299.5225,False,1,2,0
False,0,299.6225,False,1,2,0
False,0,299.7225,False,1,2,0
False,0,299.8225,False,1,2,0
False,0,299.9225,False,1,2,0
False,0,300.0225,False,1,2,0
False,0,300.1225,False,1,2,0
False,0,300.2225,False,1,2,0
False,0,300.3225,False,1,2,0
False,0,300.4425,False,1,2,0
False,0,300.5225,False,1,2,0
False,0,300.6425,False,1,2,0
False,0,300.7225,False,1,2,0
False,0,300.8225,False,1,2,0
False,0,300.9225,False,1,2,0
False,0,301.0425,False,1,2,0
False,0,301.1225,False,1,2,0
False,0,301.2225,False,1,2,0
False,0,301.34250000000003,False,1,2,0
False,0,301.4225,False,1,2,0
False,0,301.5425,False,1,2,0
False,0,301.6225,False,1,2,0
False,0,301.7425,False,1,2,0
False,0,301.84250000000003,False,1,2,0
False,0,301.9425,False,1,2,0
False,0,302.0425,False,1,2,0
False,0,302.1425,False,1,2,0
False,0,302.2425,False,1,2,0
False,0,302.34250000000003,False,1,2,0
False,0,302.4425,False,1,2,0
False,0,302.5425,False,1,2,0
False,0,302.6425,False,1,2,0
False,0,302.7425,False,1,2,0
False,0,302.84250000000003,False,1,2,0
False,0,302.9425,False,1,2,0
False,0,303.0425,False,1,2,0
False,0,303.1425,False,1,2,0
False,0,303.2425,False,1,2,0
False,0,303.34250000000003,False,1,2,0
False,0,303.4425,False,1,2,0
False,0,303.5625,False,1,2,0
False,0,303.6425,False,1,2,0
False,0,303.7625,False,1,2,0
False,0,303.84250000000003,False,1,2,0
False,0,303.9625,False,1,2,0
False,0,304.0425,False,1,2,0
False,0,304.1625,False,1,2,0
False,0,304.2425,False,1,2,0
False,0,304.3625,False,1,2,0
False,0,304.4625,False,1,2,0
False,0,304.5625,False,1,2,0
False,0,304.6625,False,1,2,0
False,0,304.7425,False,1,2,0
False,0,304.8625,False,1,2,0
False,0,304.9625,False,1,2,0
False,0,305.0625,False,1,2,0
False,0,305.1625,False,1,2,0
False,0,305.2625,False,1,2,0
False,0,305.3625,False,1,2,0
False,0,305.4625,False,1,2,0
False,0,305.5625,False,1,2,0
False,0,305.6625,False,1,2,0
False,0,305.7825,False,1,2,0
False,0,305.8625,False,1,2,0
False,0,305.9825,False,1,2,0
False,0,306.0625,False,1,2,0
False,0,306.1625,False,1,2,0
False,0,306.2825,False,1,2,0
False,0,306.3625,False,1,2,0
False,0,306.4825,False,1,2,0
False,0,306.5825,False,1,2,0
False,0,306.6825,False,1,2,0
False,0,306.7825,False,1,2,0
False,0,306.8625,False,1,2,0
False,0,306.9825,False,1,2,0
False,0,307.0825,False,1,2,0
False,0,307.1825,False,1,2,0
False,0,307.2825,False,1,2,0
False,0,307.3625,False,1,2,0
False,0,307.4825,False,1,2,0
False,0,307.5825,False,1,2,0
False,0,307.6825,False,1,2,0
False,0,307.7825,False,1,2,0
False,0,307.8825,False,1,2,0
False,0,307.9825,False,1,2,0
False,0,308.0825,False,1,2,0
False,0,308.1825,False,1,2,0
False,0,308.2825,False,1,2,0
False,0,308.3825,False,1,2,0
False,0,308.4825,False,1,2,0
False,0,308.5825,False,1,2,0
False,0,308.6825,False,1,2,0
False,0,308.7825,False,1,2,0
False,0,308.8825,False,1,2,0
False,0,308.9825,False,1,2,0
False,0,309.1025,False,1,2,0
False,0,309.1825,False,1,2,0
False,0,309.3025,False,1,2,0
False,0,309.3825,False,1,2,0
False,0,309.5025,False,1,2,0
False,0,309.6025,False,1,2,0
False,0,309.6825,False,1,2,0
False,0,309.8025,False,1,2,0
False,0,309.8825,False,1,2,0
False,0,310.0025,False,1,2,0
False,0,310.1025,False,1,2,0
False,0,310.2025,False,1,2,0
False,0,310.3025,False,1,2,0
False,0,310.40250000000003,False,1,2,0
False,0,310.5025,False,1,2,0
False,0,310.6025,False,1,2,0
False,0,310.7025,False,1,2,0
False,0,310.8025,False,1,2,0
False,0,310.90250000000003,False,1,2,0
False,0,311.0025,False,1,2,0
False,0,311.1025,False,1,2,0
False,0,311.2025,False,1,2,0
False,0,311.3225,False,1,2,0
False,0,311.40250000000003,False,1,2,0
False,0,311.5025,False,1,2,0
False,0,311.6225,False,1,2,0
False,0,311.7025,False,1,2,0
False,0,311.8225,False,1,2,0
False,0,311.90250000000003,False,1,2,0
False,0,312.0225,False,1,2,0
False,0,312.1025,False,1,2,0
False,0,312.2225,False,1,2,0
False,0,312.3225,False,1,2,0
False,0,312.4225,False,1,2,0
False,0,312.5225,False,1,2,0
False,0,312.6025,False,1,2,0
False,0,312.7225,False,1,2,0
False,0,312.8225,False,1,2,0
False,0,312.9225,False,1,2,0
False,0,313.0225,False,1,2,0
False,0,313.1225,False,1,2,0
False,0,313.2225,False,1,2,0
False,0,313.3225,False,1,2,0
False,0,313.4225,False,1,2,0
False,0,313.5225,False,1,2,0
False,0,313.6225,False,1,2,0
False,0,313.7225,False,1,2,0
False,0,313.8225,False,1,2,0
False,0,313.9225,False,1,2,0
False,0,314.0225,False,1,2,0
False,0,314.1225,False,1,2,0
False,0,314.2225,False,1,2,0
False,0,314.34250000000003,False,1,2,0
False,0,314.4225,False,1,2,0
False,0,314.5425,False,1,2,0
False,0,314.6225,False,1,2,0
False,0,314.7225,False,1,2,0
False,0,314.84250000000003,False,1,2,0
False,0,314.9225,False,1,2,0
False,0,315.0425,False,1,2,0
False,0,315.1425,False,1,2,0
False,0,315.2425,False,1,2,0
False,0,315.34250000000003,False,1,2,0
False,0,315.4225,False,1,2,0
False,0,315.5425,False,1,2,0
False,0,315.6425,False,1,2,0
False,0,315.7425,False,1,2,0
False,0,315.84250000000003,False,1,2,0
False,0,315.9425,False,1,2,0
False,0,316.0425,False,1,2,0
False,0,316.1425,False,1,2,0
False,0,316.2425,False,1,2,0
False,0,316.34250000000003,False,1,2,0
False,0,316.4425,False,1,2,0
False,0,316.5425,False,1,2,0
False,0,316.6425,False,1,2,0
False,0,316.7425,False,1,2,0
False,0,316.84250000000003,False,1,2,0
False,0,316.9425,False,1,2,0
False,0,317.0425,False,1,2,0
False,0,317.1425,False,1,2,0
False,0,317.2625,False,1,2,0
False,0,317.34250000000003,False,1,2,0
False,0,317.4625,False,1,2,0
False,0,317.5425,False,1,2,0
False,0,317.6625,False,1,2,0
False,0,317.7625,False,1,2,0
False,0,317.84250000000003,False,1,2,0
False,0,317.9625,False,1,2,0
False,0,318.0425,False,1,2,0
False,0,318.1625,False,1,2,0
False,0,318.2425,False,1,2,0
False,0,318.3625,False,1,2,0
False,0,318.4625,False,1,2,0
False,0,318.5625,False,1,2,0
False,0,318.6625,False,1,2,0
False,0,318.7625,False,1,2,0
False,0,318.8625,False,1,2,0
False,0,318.9625,False,1,2,0
False,0,319.0625,False,1,2,0
False,0,319.1625,False,1,2,0
False,0,319.2625,False,1,2,0
False,0,319.3825,False,1,2,0
False,0,319.4625,False,1,2,0
False,0,319.5825,False,1,2,0
False,0,319.6625,False,1,2,0
False,0,319.7625,False,1,2,0
False,0,319.8625,False,1,2,0
False,0,319.9625,False,1,2,0
False,0,320.0825,False,1,2,0
False,0,320.1625,False,1,2,0
False,0,320.2825,False,1,2,0
False,0,320.3825,False,1,2,0
False,0,320.4625,False,1,2,0
False,0,320.5825,False,1,2,0
False,0,320.6625,False,1,2,0
False,0,320.7825,False,1,2,0
False,0,320.8825,False,1,2,0
False,0,320.9625,False,1,2,0
False,0,321.0825,False,1,2,0
False,0,321.1825,False,1,2,0
False,0,321.2825,False,1,2,0
False,0,321.3825,False,1,2,0
False,0,321.4825,False,1,2,0
False,0,321.5825,False,1,2,0
False,0,321.6825,False,1,2,0
False,0,321.7825,False,1,2,0
False,0,321.8825,False,1,2,0
False,0,321.9825,False,1,2,0
False,0,322.0825,False,1,2,0
False,0,322.1825,False,1,2,0
False,0,322.2825,False,1,2,0
False,0,322.3825,False,1,2,0
False,0,322.4825,False,1,2,0
False,0,322.6025,False,1,2,0
False,0,322.6825,False,1,2,0
False,0,322.8025,False,1,2,0
False,0,322.8825,False,1,2,0
False,0,322.9825,False,1,2,0
False,0,323.1025,False,1,2,0
False,0,323.1825,False,1,2,0
False,0,323.3025,False,1,2,0
False,0,323.3825,False,1,2,0
False,0,323.5025,False,1,2,0
False,0,323.6025,False,1,2,0
False,0,323.6825,False,1,2,0
False,0,323.8025,False,1,2,0
False,0,323.8825,False,1,2,0
False,0,324.0025,False,1,2,0
False,0,324.0825,False,1,2,0
False,0,324.2025,False,1,2,0
False,0,324.3025,False,1,2,0
False,0,324.40250000000003,False,1,2,0
False,0,324.5025,False,1,2,0
False,0,324.6025,False,1,2,0
False,0,324.7025,False,1,2,0
False,0,324.8025,False,1,2,0
False,0,324.90250000000003,False,1,2,0
False,0,325.0025,False,1,2,0
False,0,325.1025,False,1,2,0
False,0,325.2025,False,1,2,0
False,0,325.3025,False,1,2,0
False,0,325.40250000000003,False,1,2,0
False,0,325.5025,False,1,2,0
False,0,325.6025,False,1,2,0
False,0,325.7225,False,1,2,0
False,0,325.8025,False,1,2,0
False,0,325.9225,False,1,2,0
False,0,326.0025,False,1,2,0
False,0,326.1225,False,1,2,0
False,0,326.2225,False,1,2,0
False,0,326.3025,False,1,2,0
False,0,326.4225,False,1,2,0
False,0,326.5025,False,1,2,0
False,0,326.6225,False,1,2,0
False,0,326.7225,False,1,2,0
False,0,326.8225,False,1,2,0
False,0,326.9225,False,1,2,0
False,0,327.0025,False,1,2,0
False,0,327.1225,False,1,2,0
False,0,327.2225,False,1,2,0
False,0,327.3225,False,1,2,0
False,0,327.4225,False,1,2,0
False,0,327.5225,False,1,2,0
False,0,327.6225,False,1,2,0
False,0,327.7225,False,1,2,0
False,0,327.8225,False,1,2,0
False,0,327.9425,False,1,2,0
False,0,328.0225,False,1,2,0
False,0,328.1225,False,1,2,0
False,0,328.2225,False,1,2,0
False,0,328.3225,False,1,2,0
False,0,328.4425,False,1,2,0
False,0,328.5225,False,1,2,0
False,0,328.6225,False,1,2,0
False,0,328.7425,False,1,2,0
False,0,328.8225,False,1,2,0
False,0,328.9425,False,1,2,0
False,0,329.0225,False,1,2,0
False,0,329.1425,False,1,2,0
False,0,329.2425,False,1,2,0
False,0,329.3225,False,1,2,0
False,0,329.4425,False,1,2,0
False,0,329.5225,False,1,2,0
False,0,329.6425,False,1,2,0
False,0,329.7425,False,1,2,0
False,0,329.84250000000003,False,1,2,0
False,0,329.9425,False,1,2,0
False,0,330.0425,False,1,2,0
False,0,330.1425,False,1,2,0
False,0,330.2425,False,1,2,0
False,0,330.34250000000003,False,1,2,0
False,0,330.4425,False,1,2,0
False,0,330.5425,False,1,2,0
False,0,330.6425,False,1,2,0
False,0,330.7425,False,1,2,0
False,0,330.84250000000003,False,1,2,0
False,0,330.9425,False,1,2,0
False,0,331.0625,False,1,2,0
False,0,331.1425,False,1,2,0
False,0,331.2625,False,1,2,0
False,0,331.34250000000003,False,1,2,0
False,0,331.4625,False,1,2,0
False,0,331.5625,False,1,2,0
False,0,331.6425,False,1,2,0
False,0,331.7625,False,1,2,0
False,0,331.84250000000003,False,1,2,0
False,0,331.9625,False,1,2,0
False,0,332.0625,False,1,2,0
False,0,332.1625,False,1,2,0
False,0,332.2625,False,1,2,0
False,0,332.3625,False,1,2,0
False,0,332.4625,False,1,2,0
False,0,332.5625,False,1,2,0
False,0,332.6625,False,1,2,0
False,0,332.7625,False,1,2,0
False,0,332.8625,False,1,2,0
False,0,332.9625,False,1,2,0
False,0,333.0625,False,1,2,0
False,0,333.1625,False,1,2,0
False,0,333.2625,False,1,2,0
False,0,333.3625,False,1,2,0
False,0,333.4625,False,1,2,0
False,0,333.5625,False,1,2,0
False,0,333.6825,False,1,2,0
False,0,333.7625,False,1,2,0
False,0,333.8825,False,1,2,0
False,0,333.9825,False,1,2,0
False,0,334.0625,False,1,2,0
False,0,334.1825,False,1,2,0
False,0,334.2825,False,1,2,0
False,0,334.3625,False,1,2,0
False,0,334.4825,False,1,2,0
False,0,334.5825,False,1,2,0
False,0,334.6825,False,1,2,0
False,0,334.7825,False,1,2,0
False,0,334.8825,False,1,2,0
False,0,334.9825,False,1,2,0
False,0,335.0825,False,1,2,0
False,0,335.1825,False,1,2,0
False,0,335.2825,False,1,2,0
False,0,335.3825,False,1,2,0
False,0,335.4825,False,1,2,0
False,0,335.5825,False,1,2,0
False,0,335.6825,False,1,2,0
False,0,335.8025,False,1,2,0
False,0,335.8825,False,1,2,0
False,0,335.9825,False,1,2,0
False,0,336.0825,False,1,2,0
False,0,336.1825,False,1,2,0
False,0,336.3025,False,1,2,0
False,0,336.3825,False,1,2,0
False,0,336.5025,False,1,2,0
False,0,336.6025,False,1,2,0
False,0,336.7025,False,1,2,0
False,0,336.8025,False,1,2,0
False,0,336.8825,False,1,2,0
False,0,337.0025,False,1,2,0
False,0,337.0825,False,1,2,0
False,0,337.2025,False,1,2,0
False,0,337.3025,False,1,2,0
False,0,337.40250000000003,False,1,2,0
False,0,337.5025,False,1,2,0
False,0,337.6025,False,1,2,0
False,0,337.7025,False,1,2,0
False,0,337.8025,False,1,2,0
False,0,337.90250000000003,False,1,2,0
False,0,338.0025,False,1,2,0
False,0,338.1025,False,1,2,0
False,0,338.2025,False,1,2,0
False,0,338.3025,False,1,2,0
False,0,338.40250000000003,False,1,2,0
False,0,338.5025,False,1,2,0
False,0,338.6025,False,1,2,0
False,0,338.7225,False,1,2,0
False,0,338.8025,False,1,2,0
False,0,338.9225,False,1,2,0
False,0,339.0025,False,1,2,0
False,0,339.1225,False,1,2,0
False,0,339.2025,False,1,2,0
False,0,339.3225,False,1,2,0
False,0,339.40250000000003,False,1,2,0
False,0,339.5225,False,1,2,0
False,0,339.6025,False,1,2,0
False,0,339.7225,False,1,2,0
False,0,339.8225,False,1,2,0
False,0,339.9225,False,1,2,0
False,0,340.0225,False,1,2,0
False,0,340.1225,False,1,2,0
False,0,340.2225,False,1,2,0
False,0,340.3225,False,1,2,0
False,0,340.4225,False,1,2,0
False,0,340.5225,False,1,2,0
False,0,340.6225,False,1,2,0
False,0,340.7225,False,1,2,0
False,0,340.8225,False,1,2,0
False,0,340.9225,False,1,2,0
False,0,341.0225,False,1,2,0
False,0,341.1225,False,1,2,0
False,0,341.2425,False,1,2,0
False,0,341.3225,False,1,2,0
False,0,341.4225,False,1,2,0
False,0,341.5425,False,1,2,0
False,0,341.6225,False,1,2,0
False,0,341.7425,False,1,2,0
False,0,341.8225,False,1,2,0
False,0,341.9225,False,1,2,0
False,0,342.0425,False,1,2,0
False,0,342.1425,False,1,2,0
False,0,342.2425,False,1,2,0
False,0,342.34250000000003,False,1,2,0
False,0,342.4225,False,1,2,0
False,0,342.5425,False,1,2,0
False,0,342.6225,False,1,2,0
False,0,342.7425,False,1,2,0
False,0,342.84250000000003,False,1,2,0
False,0,342.9425,False,1,2,0
False,0,343.0425,False,1,2,0
False,0,343.1425,False,1,2,0
False,0,343.2425,False,1,2,0
False,0,343.34250000000003,False,1,2,0
False,0,343.4425,False,1,2,0
False,0,343.5625,False,1,2,0
False,0,343.6425,False,1,2,0
False,0,343.7425,False,1,2,0
False,0,343.84250000000003,False,1,2,0
False,0,343.9425,False,1,2,0
False,0,344.0425,False,1,2,0
False,0,344.1425,False,1,2,0
False,0,344.2625,False,1,2,0
False,0,344.34250000000003,False,1,2,0
False,0,344.4625,False,1,2,0
False,0,344.5425,False,1,2,0
False,0,344.6625,False,1,2,0
False,0,344.7625,False,1,2,0
False,0,344.8625,False,1,2,0
False,0,344.9625,False,1,2,0
False,0,345.0425,False,1,2,0
False,0,345.1625,False,1,2,0
False,0,345.2425,False,1,2,0
False,0,345.3625,False,1,2,0
False,0,345.4625,False,1,2,0
False,0,345.5625,False,1,2,0
False,0,345.6625,False,1,2,0
False,0,345.7625,False,1,2,0
False,0,345.8625,False,1,2,0
False,0,345.9625,False,1,2,0
False,0,346.0625,False,1,2,0
False,0,346.1625,False,1,2,0
False,0,346.2625,False,1,2,0
False,0,346.3625,False,1,2,0
False,0,346.4625,False,1,2,0
False,0,346.5625,False,1,2,0
False,0,346.6625,False,1,2,0
False,0,346.7625,False,1,2,0
False,0,346.8625,False,1,2,0
False,0,346.9625,False,1,2,0
False,0,347.0625,False,1,2,0
False,0,347.1825,False,1,2,0
False,0,347.2625,False,1,2,0
False,0,347.3825,False,1,2,0
False,0,347.4625,False,1,2,0
False,0,347.5825,False,1,2,0
False,0,347.6825,False,1,2,0
False,0,347.7825,False,1,2,0
False,0,347.8825,False,1,2,0
False,0,347.9625,False,1,2,0
False,0,348.0825,False,1,2,0
False,0,348.1825,False,1,2,0
False,0,348.2825,False,1,2,0
False,0,348.3825,False,1,2,0
False,0,348.4825,False,1,2,0
False,0,348.5825,False,1,2,0
False,0,348.6825,False,1,2,0
False,0,348.7825,False,1,2,0
False,0,348.8825,False,1,2,0
False,0,348.9825,False,1,2,0
False,0,349.0825,False,1,2,0
False,0,349.2025,False,1,2,0
False,0,349.2825,False,1,2,0
False,0,349.40250000000003,False,1,2,0
False,0,349.4825,False,1,2,0
False,0,349.6025,False,1,2,0
False,0,349.6825,False,1,2,0
False,0,349.7825,False,1,2,0
False,0,349.90250000000003,False,1,2,0
False,0,349.9825,False,1,2,0
False,0,350.1025,False,1,2,0
False,0,350.1825,False,1,2,0
False,0,350.2825,False,1,2,0
False,0,350.40250000000003,False,1,2,0
False,0,350.5025,False,1,2,0
False,0,350.6025,False,1,2,0
False,0,350.7025,False,1,2,0
False,0,350.8025,False,1,2,0
False,0,350.8825,False,1,2,0
False,0,351.0025,False,1,2,0
False,0,351.0825,False,1,2,0
False,0,351.2025,False,1,2,0
False,0,351.3025,False,1,2,0
False,0,351.40250000000003,False,1,2,0
False,0,351.5025,False,1,2,0
False,0,351.6025,False,1,2,0
False,0,351.7025,False,1,2,0
False,0,351.8025,False,1,2,0
False,0,351.90250000000003,False,1,2,0
False,0,352.0225,False,1,2,0
False,0,352.1025,False,1,2,0
False,0,352.2025,False,1,2,0
False,0,352.3225,False,1,2,0
False,0,352.40250000000003,False,1,2,0
False,0,352.5225,False,1,2,0
False,0,352.6025,False,1,2,0
False,0,352.7225,False,1,2,0
False,0,352.8025,False,1,2,0
False,0,352.90250000000003,False,1,2,0
False,0,353.0225,False,1,2,0
False,0,353.1225,False,1,2,0
False,0,353.2225,False,1,2,0
False,0,353.3025,False,1,2,0
False,0,353.4225,False,1,2,0
False,0,353.5225,False,1,2,0
False,0,353.6225,False,1,2,0
False,0,353.7225,False,1,2,0
False,0,353.8225,False,1,2,0
False,0,353.9225,False,1,2,0
False,0,354.0225,False,1,2,0
False,0,354.1225,False,1,2,0
False,0,354.2225,False,1,2,0
False,0,354.3225,False,1,2,0
False,0,354.4225,False,1,2,0
False,0,354.5225,False,1,2,0
False,0,354.6225,False,1,2,0
False,0,354.7425,False,1,2,0
False,0,354.8225,False,1,2,0
False,0,354.9425,False,1,2,0
False,0,355.0225,False,1,2,0
False,0,355.1225,False,1,2,0
False,0,355.2425,False,1,2,0
False,0,355.3225,False,1,2,0
False,0,355.4425,False,1,2,0
False,0,355.5225,False,1,2,0
False,0,355.6425,False,1,2,0
False,0,355.7225,False,1,2,0
False,0,355.84250000000003,False,1,2,0
False,0,355.9425,False,1,2,0
False,0,356.0225,False,1,2,0
False,0,356.1425,False,1,2,0
False,0,356.2425,False,1,2,0
False,0,356.34250000000003,False,1,2,0
False,0,356.4425,False,1,2,0
False,0,356.5425,False,1,2,0
False,0,356.6425,False,1,2,0
False,0,356.7425,False,1,2,0
False,0,356.84250000000003,False,1,2,0
False,0,356.9425,False,1,2,0
False,0,357.0425,False,1,2,0
False,0,357.1425,False,1,2,0
False,0,357.2425,False,1,2,0
False,0,357.34250000000003,False,1,2,0
False,0,357.4625,False,1,2,0
False,0,357.5425,False,1,2,0
False,0,357.6425,False,1,2,0
False,0,357.7625,False,1,2,0
False,0,357.84250000000003,False,1,2,0
False,0,357.9625,False,1,2,0
False,0,358.0425,False,1,2,0
False,0,358.1625,False,1,2,0
False,0,358.2425,False,1,2,0
False,0,358.3625,False,1,2,0
False,0,358.4625,False,1,2,0
False,0,358.5625,False,1,2,0
False,0,358.6625,False,1,2,0
False,0,358.7625,False,1,2,0
False,0,358.8625,False,1,2,0
False,0,358.9425,False,1,2,0
False,0,359.0625,False,1,2,0
False,0,359.1625,False,1,2,0
False,0,359.2625,False,1,2,0
False,0,359.3625,False,1,2,0
False,0,359.4625,False,1,2,0
False,0,359.5625,False,1,2,0
False,0,359.6625,False,1,2,0
False,0,359.7625,False,1,2,0
False,0,359.8625,False,1,2,0
False,0,359.9625,False,1,2,0
False,0,360.0625,False,1,2,0
False,0,360.1625,False,1,2,0
False,0,360.2825,False,1,2,0
False,0,360.3625,False,1,2,0
False,0,360.4625,False,1,2,0
False,0,360.5625,False,1,2,0
False,0,360.6825,False,1,2,0
False,0,360.7825,False,1,2,0
False,0,360.8625,False,1,2,0
False,0,360.9825,False,1,2,0
False,0,361.0625,False,1,2,0
False,0,361.1825,False,1,2,0
False,0,361.2825,False,1,2,0
False,0,361.3825,False,1,2,0
False,0,361.4825,False,1,2,0
False,0,361.5825,False,1,2,0
False,0,361.6825,False,1,2,0
False,0,361.7825,False,1,2,0
False,0,361.8825,False,1,2,0
False,0,361.9825,False,1,2,0
False,0,362.0825,False,1,2,0
False,0,362.1825,False,1,2,0
False,0,362.2825,False,1,2,0
False,0,362.3825,False,1,2,0
False,0,362.4825,False,1,2,0
False,0,362.5825,False,1,2,0
False,0,362.7025,False,1,2,0
False,0,362.7825,False,1,2,0
False,0,362.90250000000003,False,1,2,0
False,0,362.9825,False,1,2,0
False,0,363.0825,False,1,2,0
False,0,363.1825,False,1,2,0
False,0,363.2825,False,1,2,0
False,0,363.40250000000003,False,1,2,0
False,0,363.4825,False,1,2,0
False,0,363.6025,False,1,2,0
False,0,363.6825,False,1,2,0
False,0,363.8025,False,1,2,0
False,0,363.90250000000003,False,1,2,0
False,0,364.0025,False,1,2,0
False,0,364.1025,False,1,2,0
False,0,364.1825,False,1,2,0
False,0,364.3025,False,1,2,0
False,0,364.40250000000003,False,1,2,0
False,0,364.5025,False,1,2,0
False,0,364.5825,False,1,2,0
False,0,364.7025,False,1,2,0
False,0,364.8025,False,1,2,0
False,0,364.90250000000003,False,1,2,0
False,0,365.0025,False,1,2,0
False,0,365.1025,False,1,2,0
False,0,365.2025,False,1,2,0
False,0,365.3025,False,1,2,0
False,0,365.40250000000003,False,1,2,0
False,0,365.5025,False,1,2,0
False,0,365.6025,False,1,2,0
False,0,365.7225,False,1,2,0
False,0,365.8025,False,1,2,0
False,0,365.90250000000003,False,1,2,0
False,0,366.0225,False,1,2,0
False,0,366.1025,False,1,2,0
False,0,366.2225,False,1,2,0
False,0,366.3225,False,1,2,0
False,0,366.40250000000003,False,1,2,0
False,0,366.5225,False,1,2,0
False,0,366.6025,False,1,2,0
False,0,366.7225,False,1,2,0
False,0,366.8225,False,1,2,0
False,0,366.9225,False,1,2,0
False,0,367.0225,False,1,2,0
False,0,367.1225,False,1,2,0
False,0,367.2225,False,1,2,0
False,0,367.3225,False,1,2,0
False,0,367.4225,False,1,2,0
False,0,367.5225,False,1,2,0
False,0,367.6225,False,1,2,0
False,0,367.7225,False,1,2,0
False,0,367.8225,False,1,2,0
False,0,367.9225,False,1,2,0
False,0,368.0225,False,1,2,0
False,0,368.1225,False,1,2,0
False,0,368.2225,False,1,2,0
False,0,368.3225,False,1,2,0
False,0,368.4225,False,1,2,0
False,0,368.5225,False,1,2,0
False,0,368.6225,False,1,2,0
False,0,368.7425,False,1,2,0
False,0,368.8225,False,1,2,0
False,0,368.9425,False,1,2,0
False,0,369.0225,False,1,2,0
False,0,369.1225,False,1,2,0
False,0,369.2425,False,1,2,0
False,0,369.34250000000003,False,1,2,0
False,0,369.4425,False,1,2,0
False,0,369.5425,False,1,2,0
False,0,369.6425,False,1,2,0
False,0,369.7225,False,1,2,0
False,0,369.84250000000003,False,1,2,0
False,0,369.9425,False,1,2,0
False,0,370.0425,False,1,2,0
False,0,370.1425,False,1,2,0
False,0,370.2425,False,1,2,0
False,0,370.34250000000003,False,1,2,0
False,0,370.4425,False,1,2,0
False,0,370.5425,False,1,2,0
False,0,370.6625,False,1,2,0
False,0,370.7425,False,1,2,0
False,0,370.8625,False,1,2,0
False,0,370.9425,False,1,2,0
False,0,371.0625,False,1,2,0
False,0,371.1425,False,1,2,0
False,0,371.2625,False,1,2,0
False,0,371.34250000000003,False,1,2,0
False,0,371.4625,False,1,2,0
False,0,371.5425,False,1,2,0
False,0,371.6625,False,1,2,0
False,0,371.7625,False,1,2,0
False,0,371.84250000000003,False,1,2,0
False,0,371.9625,False,1,2,0
False,0,372.0625,False,1,2,0
False,0,372.1625,False,1,2,0
False,0,372.2625,False,1,2,0
False,0,372.3625,False,1,2,0
False,0,372.4625,False,1,2,0
False,0,372.5625,False,1,2,0
False,0,372.6625,False,1,2,0
False,0,372.7625,False,1,2,0
False,0,372.8625,False,1,2,0
False,0,372.9625,False,1,2,0
False,0,373.0625,False,1,2,0
False,0,373.1625,False,1,2,0
False,0,373.2625,False,1,2,0
False,0,373.3625,False,1,2,0
False,0,373.4825,False,1,2,0
False,0,373.5625,False,1,2,0
False,0,373.6825,False,1,2,0
False,0,373.7625,False,1,2,0
False,0,373.8625,False,1,2,0
False,0,373.9825,False,1,2,0
False,0,374.0625,False,1,2,0
False,0,374.1825,False,1,2,0
False,0,374.2625,False,1,2,0
False,0,374.3825,False,1,2,0
False,0,374.4825,False,1,2,0
False,0,374.5825,False,1,2,0
False,0,374.6825,False,1,2,0
False,0,374.7825,False,1,2,0
False,0,374.8825,False,1,2,0
False,0,374.9825,False,1,2,0
False,0,375.0825,False,1,2,0
False,0,375.1825,False,1,2,0
False,0,375.2825,False,1,2,0
False,0,375.3825,False,1,2,0
False,0,375.4825,False,1,2,0
False,0,375.5825,False,1,2,0
False,0,375.6825,False,1,2,0
False,0,375.7825,False,1,2,0
False,0,375.8825,False,1,2,0
False,0,376.0025,False,1,2,0
False,0,376.0825,False,1,2,0
False,0,376.2025,False,1,2,0
False,0,376.2825,False,1,2,0
False,0,376.3825,False,1,2,0
False,0,376.5025,False,1,2,0
False,0,376.5825,False,1,2,0
False,0,376.7025,False,1,2,0
False,0,376.7825,False,1,2,0
False,0,376.8825,False,1,2,0
False,0,377.0025,False,1,2,0
False,0,377.0825,False,1,2,0
False,0,377.1825,False,1,2,0
False,0,377.3025,False,1,2,0
False,0,377.40250000000003,False,1,2,0
False,0,377.5025,False,1,2,0
False,0,377.6025,False,1,2,0
False,0,377.7025,False,1,2,0
False,0,377.8025,False,1,2,0
False,0,377.90250000000003,False,1,2,0
False,0,378.0025,False,1,2,0
False,0,378.1025,False,1,2,0
False,0,378.2025,False,1,2,0
False,0,378.3025,False,1,2,0
False,0,378.40250000000003,False,1,2,0
False,0,378.5025,False,1,2,0
False,0,378.6025,False,1,2,0
False,0,378.7025,False,1,2,0
False,0,378.8225,False,1,2,0
False,0,378.90250000000003,False,1,2,0
False,0,379.0025,False,1,2,0
False,0,379.1025,False,1,2,0
False,0,379.2025,False,1,2,0
False,0,379.3225,False,1,2,0
False,0,379.40250000000003,False,1,2,0
False,0,379.5225,False,1,2,0
False,0,379.6025,False,1,2,0
False,0,379.7225,False,1,2,0
False,0,379.8025,False,1,2,0
False,0,379.9225,False,1,2,0
False,0,380.0225,False,1,2,0
False,0,380.1225,False,1,2,0
False,0,380.2225,False,1,2,0
False,0,380.3225,False,1,2,0
False,0,380.4225,False,1,2,0
False,0,380.5225,False,1,2,0
False,0,380.6225,False,1,2,0
False,0,380.7225,False,1,2,0
False,0,380.8225,False,1,2,0
False,0,380.9225,False,1,2,0
False,0,381.0225,False,1,2,0
False,0,381.1225,False,1,2,0
False,0,381.2225,False,1,2,0
False,0,381.3225,False,1,2,0
False,0,381.4225,False,1,2,0
False,0,381.5225,False,1,2,0
False,0,381.6425,False,1,2,0
False,0,381.7225,False,1,2,0
False,0,381.84250000000003,False,1,2,0
False,0,381.9225,False,1,2,0
False,0,382.0425,False,1,2,0
False,0,382.1425,False,1,2,0
False,0,382.2225,False,1,2,0
False,0,382.34250000000003,False,1,2,0
False,0,382.4225,False,1,2,0
False,0,382.5425,False,1,2,0
False,0,382.6225,False,1,2,0
False,0,382.7425,False,1,2,0
False,0,382.84250000000003,False,1,2,0
False,0,382.9425,False,1,2,0
False,0,383.0425,False,1,2,0
False,0,383.1425,False,1,2,0
False,0,383.2425,False,1,2,0
False,0,383.34250000000003,False,1,2,0
False,0,383.4425,False,1,2,0
False,0,383.5425,False,1,2,0
False,0,383.6425,False,1,2,0
False,0,383.7425,False,1,2,0
False,0,383.84250000000003,False,1,2,0
False,0,383.9425,False,1,2,0
False,0,384.0425,False,1,2,0
False,0,384.1425,False,1,2,0
False,0,384.2425,False,1,2,0
False,0,384.34250000000003,False,1,2,0
False,0,384.4425,False,1,2,0
False,0,384.5425,False,1,2,0
False,0,384.6425,False,1,2,0
False,0,384.7625,False,1,2,0
False,0,384.84250000000003,False,1,2,0
False,0,384.96250000000003,False,1,2,0
False,0,385.0425,False,1,2,0
False,0,385.1625,False,1,2,0
False,0,385.2625,False,1,2,0
False,0,385.34250000000003,False,1,2,0
False,0,385.46250000000003,False,1,2,0
False,0,385.5625,False,1,2,0
False,0,385.6625,False,1,2,0
False,0,385.7625,False,1,2,0
False,0,385.8625,False,1,2,0
False,0,385.96250000000003,False,1,2,0
False,0,386.0625,False,1,2,0
False,0,386.1625,False,1,2,0
False,0,386.2625,False,1,2,0
False,0,386.3625,False,1,2,0
False,0,386.46250000000003,False,1,2,0
False,0,386.5625,False,1,2,0
False,0,386.6625,False,1,2,0
False,0,386.7625,False,1,2,0
False,0,386.8625,False,1,2,0
False,0,386.96250000000003,False,1,2,0
False,0,387.0625,False,1,2,0
False,0,387.1625,False,1,2,0
False,0,387.2825,False,1,2,0
False,0,387.3625,False,1,2,0
False,0,387.4825,False,1,2,0
False,0,387.5625,False,1,2,0
False,0,387.6625,False,1,2,0
False,0,387.7825,False,1,2,0
False,0,387.8825,False,1,2,0
False,0,387.9825,False,1,2,0
False,0,388.0625,False,1,2,0
False,0,388.1825,False,1,2,0
False,0,388.2825,False,1,2,0
False,0,388.3825,False,1,2,0
False,0,388.4825,False,1,2,0
False,0,388.5825,False,1,2,0
False,0,388.6825,False,1,2,0
False,0,388.7825,False,1,2,0
False,0,388.8825,False,1,2,0
False,0,388.9825,False,1,2,0
False,0,389.0825,False,1,2,0
False,0,389.1825,False,1,2,0
False,0,389.2825,False,1,2,0
False,0,389.3825,False,1,2,0
False,0,389.4825,False,1,2,0
False,0,389.6025,False,1,3,0
